value,lag1,roll3
120,,
135,120.0,
128,135.0,127.66666666666667
150,128.0,137.66666666666666
160,150.0,146.0
155,160.0,155.0
170,155.0,161.66666666666666
180,170.0,168.33333333333334
175,180.0,175.0
190,175.0,181.66666666666666
200,190.0,188.33333333333334
210,200.0,200.0
195,210.0,201.66666666666666
205,195.0,203.33333333333334
215,205.0,205.0
