{
    "n_rows": 15,
    "describe": {
        "day": {
            "count": 15.0,
            "mean": 8.0,
            "std": 4.47213595499958,
            "min": 1.0,
            "25%": 4.5,
            "50%": 8.0,
            "75%": 11.5,
            "max": 15.0
        },
        "sales": {
            "count": 15.0,
            "mean": 172.53333333333333,
            "std": 30.49324671526624,
            "min": 120.0,
            "25%": 152.5,
            "50%": 175.0,
            "75%": 197.5,
            "max": 215.0
        },
        "sales_lag_1": {
            "count": 14.0,
            "mean": 169.5,
            "std": 29.201554226286813,
            "min": 120.0,
            "25%": 151.25,
            "50%": 172.5,
            "75%": 193.75,
            "max": 210.0
        },
        "sales_roll_3": {
            "count": 13.0,
            "mean": 173.17948717948715,
            "std": 26.324054407629546,
            "min": 127.66666666666667,
            "25%": 155.0,
            "50%": 175.0,
            "75%": 200.0,
            "max": 205.0
        }
    },
    "top_categories": {
        "Almaty": 6,
        "Astana": 5,
        "Shymkent": 4
    }
}